viallabel,barcode,sampletypecode,shipping_box,shipping_position,new_batch
11057040401,8010746869,4,7000164168,A01,batch_9
11064010401,8010746643,4,7000164168,A02,batch_5
11163020401,8038299391,4,7000164168,A03,batch_10
11252050401,8010769453,4,7000164168,A04,batch_13
11162020401,8038298939,4,7000164168,A05,batch_15
11055070401,8010746317,4,7000164168,A06,batch_9
11161010401,8038298906,4,7000164168,A07,batch_4
11007030401,8019475602,4,7000164168,A08,batch_5
11008040401,8019475023,4,7000164168,A09,batch_9
11046070401,8010746235,4,7000164168,A10,batch_9
11048030401,8010746592,4,7000164168,A11,batch_10
11060010401,8010758293,4,7000164168,A12,batch_7
11057050401,8010758345,4,7000164168,B01,batch_9
11064040401,8010746684,4,7000164168,B02,batch_5
11163040401,8038299310,4,7000164168,B03,batch_10
11164010401,8010749554,4,7000164168,B04,batch_9
11162030401,8038299035,4,7000164168,B05,batch_15
11210010401,8038297406,4,7000164168,B06,batch_3
11161020401,8010749408,4,7000164168,B07,batch_4
11007040401,8019475516,4,7000164168,B08,batch_5
11008050401,8019475124,4,7000164168,B09,batch_9
11058010401,8010758751,4,7000164168,B10,batch_10
11048040401,8019473054,4,7000164168,B11,batch_10
11060040401,8019475273,4,7000164168,B12,batch_7
11057060401,8010758752,4,7000164168,C01,batch_9
11064050401,8010746981,4,7000164168,C02,batch_5
11163050401,8038299048,4,7000164168,C03,batch_10
11164020401,8038299613,4,7000164168,C04,batch_9
11162040401,8038299381,4,7000164168,C05,batch_15
11210040401,8038297489,4,7000164168,C06,batch_3
11161030401,8010745841,4,7000164168,C07,batch_4
11007050401,8019475026,4,7000164168,C08,batch_5
11008060401,8019475827,4,7000164168,C09,batch_9
11058040401,8010758596,4,7000164168,C10,batch_10
11048050401,8019471843,4,7000164168,C11,batch_10
11060050401,8019475365,4,7000164168,C12,batch_7
11169010401,8038299299,4,7000164168,D01,batch_11
11064070401,8010746262,4,7000164168,D02,batch_5
11163070401,8038299125,4,7000164168,D03,batch_10
11164030401,8038299396,4,7000164168,D04,batch_9
11162050401,8038299022,4,7000164168,D05,batch_15
11210050401,8038297072,4,7000164168,D06,batch_3
11161040401,8038299485,4,7000164168,D07,batch_4
11007060401,8019475655,4,7000164168,D08,batch_5
11046010401,8010758856,4,7000164168,D09,batch_9
11058050401,8010758518,4,7000164168,D10,batch_10
11048070401,8010758511,4,7000164168,D11,batch_10
11212010401,8038297424,4,7000164168,D12,batch_14
11169020401,8038298883,4,7000164168,E01,batch_11
11215010401,8038297882,4,7000164168,E02,batch_14
11252010401,8010769215,4,7000164168,E03,batch_13
11164040401,8038299252,4,7000164168,E04,batch_9
11055010401,8010746680,4,7000164168,E05,batch_9
11210070401,8038297808,4,7000164168,E06,batch_3
11161050401,8038298886,4,7000164168,E07,batch_4
11007070401,8019475930,4,7000164168,E08,batch_5
11046020401,8010746258,4,7000164168,E09,batch_9
11058060401,8010759006,4,7000164168,E10,batch_10
11059010401,8010746310,4,7000164168,E11,batch_8
11212040401,8038297028,4,7000164168,E12,batch_14
11169030401,8038299675,4,7000164168,F01,batch_11
11215040401,8038297875,4,7000164168,F02,batch_14
11252020401,8010768743,4,7000164168,F03,batch_13
11164050401,8038299367,4,7000164168,F04,batch_9
11055040401,8010758393,4,7000164168,F05,batch_9
11211010401,8038296900,4,7000164168,F06,batch_4
11161070401,8038299233,4,7000164168,F07,batch_4
11008010401,8019475896,4,7000164168,F08,batch_9
11046030401,8010758337,4,7000164168,F09,batch_9
11058070401,8010758609,4,7000164168,F10,batch_10
11059040401,8010758329,4,7000164168,F11,batch_8
11212050401,8038296986,4,7000164168,F12,batch_14
11169040401,8038299085,4,7000164168,G01,batch_11
11215050401,8038298562,4,7000164168,G02,batch_14
11252030401,8010769266,4,7000164168,G03,batch_13
11164070401,8038298986,4,7000164168,G04,batch_9
11055050401,8010746984,4,7000164168,G05,batch_9
11211040401,8038297773,4,7000164168,G06,batch_4
11007010401,8019475870,4,7000164168,G07,batch_5
11008020401,8019475580,4,7000164168,G08,batch_9
11046040401,8019472065,4,7000164168,G09,batch_9
11048010401,8010746982,4,7000164168,G10,batch_10
11059050401,8010758645,4,7000164168,G11,batch_8
11212060401,8038297193,4,7000164168,G12,batch_14
11169050401,8038298914,4,7000164168,H01,batch_11
11163010401,8038299415,4,7000164168,H02,batch_10
11252040401,8010768723,4,7000164168,H03,batch_13
11162010401,8038298952,4,7000164168,H04,batch_15
11055060401,8010746743,4,7000164168,H05,batch_9
11211050401,8038296959,4,7000164168,H06,batch_4
11007020401,8019475420,4,7000164168,H07,batch_5
11008030401,8019471865,4,7000164168,H08,batch_9
11046050401,8010758334,4,7000164168,H09,batch_9
11048020401,8010758310,4,7000164168,H10,batch_10
11059060401,8010758179,4,7000164168,H11,batch_8
11212070401,8038297048,4,7000164168,H12,batch_14
11200010401,8038297695,4,7000164173,A01,batch_2
11213040401,8038297483,4,7000164173,A02,batch_8
11251060401,8010769556,4,7000164173,A03,batch_4
11285070401,8010759700,4,7000164173,A04,batch_15
11012030401,8019475160,4,7000164173,A05,batch_4
11321010401,8010751385,4,7000164173,A06,batch_3
11233010401,8038293618,4,7000164173,A07,batch_16
11232060401,8038301087,4,7000164173,A08,batch_15
11286050401,8010759487,4,7000164173,A09,batch_7
11168020401,8038299471,4,7000164173,A10,batch_14
11218050401,8038297893,4,7000164173,A11,batch_12
11258010401,8010769055,4,7000164173,A12,batch_4
11200020401,8038296993,4,7000164173,B01,batch_2
11213050401,8038297558,4,7000164173,B02,batch_8
11251070401,8010769428,4,7000164173,B03,batch_4
11291010401,8010759659,4,7000164173,B04,batch_9
11012040401,8019475373,4,7000164173,B05,batch_4
11321040401,8010751882,4,7000164173,B06,batch_3
11233040401,8038293869,4,7000164173,B07,batch_16
11232070401,8038294371,4,7000164173,B08,batch_15
11286070401,8010759459,4,7000164173,B09,batch_7
11168030401,8038299097,4,7000164173,B10,batch_14
11218060401,8038297632,4,7000164173,B11,batch_12
11258020401,8010768916,4,7000164173,B12,batch_4
11200030401,8038297303,4,7000164173,C01,batch_2
11213060401,8038297297,4,7000164173,C02,batch_8
11285010401,8010759322,4,7000164173,C03,batch_15
11291020401,8010759198,4,7000164173,C04,batch_9
11012050401,8019475188,4,7000164173,C05,batch_4
11321050401,8010751423,4,7000164173,C06,batch_3
11233050401,8038299029,4,7000164173,C07,batch_16
11234010401,8038293503,4,7000164173,C08,batch_1
11294010401,8010759426,4,7000164173,C09,batch_5
11168040401,8038298942,4,7000164173,C10,batch_14
11266010401,8010769261,4,7000164173,C11,batch_13
11258030401,8010768866,4,7000164173,C12,batch_4
11200040401,8038297179,4,7000164173,D01,batch_2
11251010401,8010769454,4,7000164173,D02,batch_4
11285020401,8010759233,4,7000164173,D03,batch_15
11291030401,8010759703,4,7000164173,D04,batch_9
11012060401,8019475813,4,7000164173,D05,batch_4
11321060401,8010751286,4,7000164173,D06,batch_3
11233060401,8038294020,4,7000164173,D07,batch_16
11234040401,8038293808,4,7000164173,D08,batch_1
11294020401,8010759775,4,7000164173,D09,batch_5
11168050401,8038299288,4,7000164173,D10,batch_14
11266020401,8010769357,4,7000164173,D11,batch_13
11258040401,8010768985,4,7000164173,D12,batch_4
11200050401,8038297213,4,7000164173,E01,batch_2
11251020401,8010769527,4,7000164173,E02,batch_4
11285030401,8010759889,4,7000164173,E03,batch_15
11291040401,8010759223,4,7000164173,E04,batch_9
11062010401,8018514065,4,7000164173,E05,batch_9
11321070401,8010751323,4,7000164173,E06,batch_3
11233070401,8038293810,4,7000164173,E07,batch_16
11234050401,8038294292,4,7000164173,E08,batch_1
11294030401,8010759559,4,7000164173,E09,batch_5
11168060401,8038299530,4,7000164173,E10,batch_14
11266030401,8010769396,4,7000164173,E11,batch_13
11258050401,8010769061,4,7000164173,E12,batch_4
11200060401,8038297690,4,7000164173,F01,batch_2
11251030401,8010769458,4,7000164173,F02,batch_4
11285040401,8010759971,4,7000164173,F03,batch_15
11291050401,8010759958,4,7000164173,F04,batch_9
11062040401,8010746692,4,7000164173,F05,batch_9
11322010401,8010752011,4,7000164173,F06,batch_11
11232010401,8038299487,4,7000164173,F07,batch_15
11286010401,8010759893,4,7000164173,F08,batch_7
11294040401,8010759602,4,7000164173,F09,batch_5
11168070401,8038299208,4,7000164173,F10,batch_14
11266040401,8010769385,4,7000164173,F11,batch_13
11258060401,8010769137,4,7000164173,F12,batch_4
11200070401,8038297410,4,7000164173,G01,batch_2
11251040401,8010768938,4,7000164173,G02,batch_4
11285050401,8010759353,4,7000164173,G03,batch_15
11012010401,8019475883,4,7000164173,G04,batch_4
11062050401,8019475462,4,7000164173,G05,batch_9
11322040401,8010751855,4,7000164173,G06,batch_11
11232040401,8038293770,4,7000164173,G07,batch_15
11286020401,8010759073,4,7000164173,G08,batch_7
11294050401,8010759299,4,7000164173,G09,batch_5
11218010401,8038298237,4,7000164173,G10,batch_12
11266050401,8010769205,4,7000164173,G11,batch_13
11258070401,8010769312,4,7000164173,G12,batch_4
11213010401,8038297523,4,7000164173,H01,batch_8
11251050401,8010769404,4,7000164173,H02,batch_4
11285060401,8010759623,4,7000164173,H03,batch_15
11012020401,8019475736,4,7000164173,H04,batch_4
11062060401,8019475715,4,7000164173,H05,batch_9
11322050401,8010751801,4,7000164173,H06,batch_11
11232050401,8038299172,4,7000164173,H07,batch_15
11286040401,8010759917,4,7000164173,H08,batch_7
11168010401,8038299052,4,7000164173,H09,batch_14
11218040401,8038297938,4,7000164173,H10,batch_12
11266060401,8010769273,4,7000164173,H11,batch_13
11250010401,8038298415,4,7000164173,H12,batch_7
11081010401,8010765925,4,7000164183,A01,batch_14
11082060401,8010766708,4,7000164183,A02,batch_15
11167020401,8038299524,4,7000164183,A03,batch_15
11069060401,8010746203,4,7000164183,A04,batch_4
11152070401,8019474522,4,7000164183,A05,batch_12
11151040401,8019474319,4,7000164183,A06,batch_13
11068060401,8010746690,4,7000164183,A07,batch_15
11165070401,8038299356,4,7000164183,A08,batch_13
11015010401,8019475203,4,7000164183,A09,batch_12
11014020401,8019475591,4,7000164183,A10,batch_2
11013010401,8019475786,4,7000164183,A11,batch_13
11016020401,8019475058,4,7000164183,A12,batch_5
11081040401,8010766323,4,7000164183,B01,batch_14
11082070401,8010765784,4,7000164183,B02,batch_15
11167030401,8038298956,4,7000164183,B03,batch_15
11069070401,8010746369,4,7000164183,B04,batch_4
11070010401,8010746618,4,7000164183,B05,batch_6
11151050401,8019474608,4,7000164183,B06,batch_13
11068070401,8010746252,4,7000164183,B07,batch_15
11018010401,8019475453,4,7000164183,B08,batch_7
11015020401,8019475477,4,7000164183,B09,batch_12
11014040401,8019475494,4,7000164183,B10,batch_2
11013020401,8019475558,4,7000164183,B11,batch_13
11016030401,8019475262,4,7000164183,B12,batch_5
11081050401,8010766664,4,7000164183,C01,batch_14
11083010401,8010765920,4,7000164183,C02,batch_13
11167040401,8038298872,4,7000164183,C03,batch_15
11152010401,8019474039,4,7000164183,C04,batch_12
11070040401,8010746579,4,7000164183,C05,batch_6
11067010401,8019475216,4,7000164183,C06,batch_16
11165010401,8038299541,4,7000164183,C07,batch_13
11018020401,8019475055,4,7000164183,C08,batch_7
11015030401,8019475095,4,7000164183,C09,batch_12
11014050401,8019475294,4,7000164183,C10,batch_2
11013030401,8019475398,4,7000164183,C11,batch_13
11016040401,8019475269,4,7000164183,C12,batch_5
11081060401,8010766025,4,7000164183,D01,batch_14
11083040401,8010766692,4,7000164183,D02,batch_13
11167050401,8038299024,4,7000164183,D03,batch_15
11152020401,8019474200,4,7000164183,D04,batch_12
11070050401,8010758285,4,7000164183,D05,batch_6
11067050401,8010747065,4,7000164183,D06,batch_16
11165020401,8038299171,4,7000164183,D07,batch_13
11018030401,8019475155,4,7000164183,D08,batch_7
11015040401,8019475355,4,7000164183,D09,batch_12
11014060401,8019475126,4,7000164183,D10,batch_2
11013040401,8019475044,4,7000164183,D11,batch_13
11016050401,8019475901,4,7000164183,D12,batch_5
11081070401,8010766579,4,7000164183,E01,batch_14
11083050401,8010766651,4,7000164183,E02,batch_13
11167060401,8038299116,4,7000164183,E03,batch_15
11152030401,8019474064,4,7000164183,E04,batch_12
11070060401,8010746992,4,7000164183,E05,batch_6
11067060401,8010746425,4,7000164183,E06,batch_16
11165030401,8038299710,4,7000164183,E07,batch_13
11018040401,8019475610,4,7000164183,E08,batch_7
11015050401,8019474993,4,7000164183,E09,batch_12
11061010401,8010758954,4,7000164183,E10,batch_1
11013050401,8019475652,4,7000164183,E11,batch_13
11016060401,8019475868,4,7000164183,E12,batch_5
11082010401,8010766387,4,7000164183,F01,batch_15
11083060401,8010766568,4,7000164183,F02,batch_13
11069010401,8010746580,4,7000164183,F03,batch_4
11152040401,8019474928,4,7000164183,F04,batch_12
11151010401,8019474055,4,7000164183,F05,batch_13
11067070401,8010746777,4,7000164183,F06,batch_16
11165040401,8038299107,4,7000164183,F07,batch_13
11018050401,8019475159,4,7000164183,F08,batch_7
11015060401,8019475348,4,7000164183,F09,batch_12
11061050401,8019475031,4,7000164183,F10,batch_1
11013060401,8019475290,4,7000164183,F11,batch_13
11017010401,8019475125,4,7000164183,F12,batch_5
11082040401,8010766707,4,7000164183,G01,batch_15
11083070401,8010766517,4,7000164183,G02,batch_13
11069040401,8010746505,4,7000164183,G03,batch_4
11152050401,8010749200,4,7000164183,G04,batch_12
11151020401,8019474019,4,7000164183,G05,batch_13
11068010401,8010746280,4,7000164183,G06,batch_15
11165050401,8038299021,4,7000164183,G07,batch_13
11018060401,8019475750,4,7000164183,G08,batch_7
11015070401,8019475417,4,7000164183,G09,batch_12
11061060401,8019475410,4,7000164183,G10,batch_1
11013070401,8019475307,4,7000164183,G11,batch_13
11017020401,8019475214,4,7000164183,G12,batch_5
11082050401,8010745489,4,7000164183,H01,batch_15
11167010401,8038299014,4,7000164183,H02,batch_15
11069050401,8010746867,4,7000164183,H03,batch_4
11152060401,8019474260,4,7000164183,H04,batch_12
11151030401,8019474193,4,7000164183,H05,batch_13
11068050401,8010746264,4,7000164183,H06,batch_15
11165060401,8019474813,4,7000164183,H07,batch_13
11018070401,8019475259,4,7000164183,H08,batch_7
11014010401,8019475385,4,7000164183,H09,batch_2
11061070401,8019475776,4,7000164183,H10,batch_1
11016010401,8019475018,4,7000164183,H11,batch_5
11017030401,8019475646,4,7000164183,H12,batch_5
11203070401,8038297648,4,7000164195,A01,batch_6
11261020401,8010769467,4,7000164195,A02,batch_5
11038050401,8010758260,4,7000164195,A03,batch_6
11226050401,8038298699,4,7000164195,A04,batch_16
11308010401,8010759511,4,7000164195,A05,batch_16
11315060401,8010751191,4,7000164195,A06,batch_6
11201010401,8038297760,4,7000164195,A07,batch_5
11307070401,8010748459,4,7000164195,A08,batch_7
11202070401,8038297737,4,7000164195,A09,batch_14
11271040401,8010769028,4,7000164195,A10,batch_8
11035020401,8010758312,4,7000164195,A11,batch_2
11363070401,8010751862,4,7000164195,A12,batch_14
11260010401,8010769377,4,7000164195,B01,batch_2
11261030401,8010769057,4,7000164195,B02,batch_5
11038070401,8019473065,4,7000164195,B03,batch_6
11226070401,8038298456,4,7000164195,B04,batch_16
11308040401,8010759367,4,7000164195,B05,batch_16
11106010401,8019471919,4,7000164195,B06,batch_7
11201040401,8038297687,4,7000164195,B07,batch_5
11316010401,8010751287,4,7000164195,B08,batch_16
11204010401,8038297726,4,7000164195,B09,batch_1
11271050401,8010769122,4,7000164195,B10,batch_8
11035030401,8019471562,4,7000164195,B11,batch_2
11107010401,8019471414,4,7000164195,B12,batch_2
11260020401,8010768983,4,7000164195,C01,batch_2
11261040401,8010769003,4,7000164195,C02,batch_5
11225010401,8038297986,4,7000164195,C03,batch_15
11263010401,8010768688,4,7000164195,C04,batch_1
11308050401,8010759080,4,7000164195,C05,batch_16
11305010401,8010768764,4,7000164195,C06,batch_4
11201050401,8038296917,4,7000164195,C07,batch_5
11316040401,8010761553,4,7000164195,C08,batch_16
11204040401,8038297565,4,7000164195,C09,batch_1
11273010401,8010769067,4,7000164195,C10,batch_13
11035040401,8019471642,4,7000164195,C11,batch_2
11314010401,8010751561,4,7000164195,C12,batch_8
11260030401,8010769337,4,7000164195,D01,batch_2
11261050401,8010769469,4,7000164195,D02,batch_5
11225040401,8038297895,4,7000164195,D03,batch_15
11263020401,8010768863,4,7000164195,D04,batch_1
11308060401,8010759769,4,7000164195,D05,batch_16
11305040401,8010759715,4,7000164195,D06,batch_4
11201060401,8038297601,4,7000164195,D07,batch_5
11316050401,8010751326,4,7000164195,D08,batch_16
11204050401,8038297335,4,7000164195,D09,batch_1
11273020401,8010769397,4,7000164195,D10,batch_13
11035050401,8010758416,4,7000164195,D11,batch_2
11314040401,8010751771,4,7000164195,D12,batch_8
11260040401,8010769178,4,7000164195,E01,batch_2
11038010401,8010746465,4,7000164195,E02,batch_6
11225050401,8038298447,4,7000164195,E03,batch_15
11263030401,8010768928,4,7000164195,E04,batch_1
11308070401,8010761642,4,7000164195,E05,batch_16
11305050401,8010759265,4,7000164195,E06,batch_4
11307010401,8010748386,4,7000164195,E07,batch_7
11316070401,8010751334,4,7000164195,E08,batch_16
11204070401,8038297573,4,7000164195,E09,batch_1
11273030401,8010769348,4,7000164195,E10,batch_13
11035070401,8010746622,4,7000164195,E11,batch_2
11314050401,8010751451,4,7000164195,E12,batch_8
11260050401,8010768765,4,7000164195,F01,batch_2
11038020401,8010746724,4,7000164195,F02,batch_6
11225060401,8038298559,4,7000164195,F03,batch_15
11263040401,8010768773,4,7000164195,F04,batch_1
11315010401,8010748993,4,7000164195,F05,batch_6
11306010401,8010759676,4,7000164195,F06,batch_9
11307040401,8010759131,4,7000164195,F07,batch_7
11202010401,8038297278,4,7000164195,F08,batch_14
11271010401,8010769201,4,7000164195,F09,batch_8
11273040401,8010768992,4,7000164195,F10,batch_13
11363010401,8010751607,4,7000164195,F11,batch_14
11274010401,8010769324,4,7000164195,F12,batch_6
11260070401,8010769040,4,7000164195,G01,batch_2
11038030401,8019473327,4,7000164195,G02,batch_6
11226010401,8038298648,4,7000164195,G03,batch_16
11263050401,8010768835,4,7000164195,G04,batch_1
11315040401,8010759239,4,7000164195,G05,batch_6
11306040401,8010759338,4,7000164195,G06,batch_9
11307050401,8010759600,4,7000164195,G07,batch_7
11202040401,8038297285,4,7000164195,G08,batch_14
11271020401,8010769594,4,7000164195,G09,batch_8
11273050401,8010769291,4,7000164195,G10,batch_13
11363040401,8010751675,4,7000164195,G11,batch_14
11274020401,8010769341,4,7000164195,G12,batch_6
11261010401,8010768879,4,7000164195,H01,batch_5
11038040401,8019473948,4,7000164195,H02,batch_6
11226040401,8038298543,4,7000164195,H03,batch_16
11263060401,8010768794,4,7000164195,H04,batch_1
11315050401,8010751931,4,7000164195,H05,batch_6
11306050401,8010761390,4,7000164195,H06,batch_9
11307060401,8010759209,4,7000164195,H07,batch_7
11202050401,8038297448,4,7000164195,H08,batch_14
11271030401,8010768736,4,7000164195,H09,batch_8
11035010401,8010746796,4,7000164195,H10,batch_2
11363050401,8010751870,4,7000164195,H11,batch_14
11274030401,8010769568,4,7000164195,H12,batch_6
11158010401,8019474895,4,7000164196,A01,batch_11
11205040401,8038297740,4,7000164196,A02,batch_12
11034060401,8019473105,4,7000164196,A03,batch_1
11033030401,8019473470,4,7000164196,A04,batch_16
11244040401,8038296867,4,7000164196,A05,batch_10
11247010401,8038298476,4,7000164196,A06,batch_3
11278060401,8010759825,4,7000164196,A07,batch_7
11047070401,8019475449,4,7000164196,A08,batch_7
11310040401,8010759812,4,7000164196,A09,batch_9
11255060401,8010768716,4,7000164196,A10,batch_8
11259070401,8010768959,4,7000164196,A11,batch_10
11256040401,8010768904,4,7000164196,A12,batch_11
11158020401,8038298912,4,7000164196,B01,batch_11
11205050401,8038297219,4,7000164196,B02,batch_12
11156010401,8038299095,4,7000164196,B03,batch_3
11033040401,8019473971,4,7000164196,B04,batch_16
11244050401,8038297953,4,7000164196,B05,batch_10
11247040401,8038298370,4,7000164196,B06,batch_3
11278070401,8010759926,4,7000164196,B07,batch_7
11269010401,8010769598,4,7000164196,B08,batch_8
11310050401,8010748192,4,7000164196,B09,batch_9
11255070401,8010768854,4,7000164196,B10,batch_8
11265010401,8010768962,4,7000164196,B11,batch_11
11256050401,8010769475,4,7000164196,B12,batch_11
11158030401,8019474197,4,7000164196,C01,batch_11
11205060401,8038297606,4,7000164196,C02,batch_12
11156020401,8038299220,4,7000164196,C03,batch_3
11033050401,8010746830,4,7000164196,C04,batch_16
11244070401,8038293988,4,7000164196,C05,batch_10
11247050401,8038298346,4,7000164196,C06,batch_3
11047010401,8019471235,4,7000164196,C07,batch_7
11269020401,8010769524,4,7000164196,C08,batch_8
11310060401,8010748471,4,7000164196,C09,batch_9
11259010401,8010768737,4,7000164196,C10,batch_10
11265020401,8010768776,4,7000164196,C11,batch_11
11256070401,8010769278,4,7000164196,C12,batch_11
11158040401,8019474918,4,7000164196,D01,batch_11
11034010401,8019473445,4,7000164196,D02,batch_1
11156030401,8038299121,4,7000164196,D03,batch_3
11033070401,8019473677,4,7000164196,D04,batch_16
11275010401,8010768709,4,7000164196,D05,batch_11
11278010401,8010759802,4,7000164196,D06,batch_7
11047020401,8010758724,4,7000164196,D07,batch_7
11269030401,8010769044,4,7000164196,D08,batch_8
11255010401,8010769226,4,7000164196,D09,batch_8
11259020401,8010769282,4,7000164196,D10,batch_10
11265040401,8010768841,4,7000164196,D11,batch_11
11311010401,8010759598,4,7000164196,D12,batch_10
11158050401,8019474330,4,7000164196,E01,batch_11
11034020401,8019473219,4,7000164196,E02,batch_1
11156040401,8038298941,4,7000164196,E03,batch_3
11206010401,8038297675,4,7000164196,E04,batch_7
11275020401,8010768682,4,7000164196,E05,batch_11
11278020401,8010759112,4,7000164196,E06,batch_7
11047030401,8010746600,4,7000164196,E07,batch_7
11269040401,8010769053,4,7000164196,E08,batch_8
11255020401,8010769158,4,7000164196,E09,batch_8
11259030401,8010769419,4,7000164196,E10,batch_10
11265050401,8010769326,4,7000164196,E11,batch_11
11311040401,8010759843,4,7000164196,E12,batch_10
11158060401,8038299398,4,7000164196,F01,batch_11
11034030401,8019473891,4,7000164196,F02,batch_1
11156050401,8038299007,4,7000164196,F03,batch_3
11206050401,8038297134,4,7000164196,F04,batch_7
11275030401,8010768824,4,7000164196,F05,batch_11
11278030401,8010759154,4,7000164196,F06,batch_7
11047040401,8010746810,4,7000164196,F07,batch_7
11269050401,8010768848,4,7000164196,F08,batch_8
11255030401,8010769531,4,7000164196,F09,batch_8
11259040401,8010769365,4,7000164196,F10,batch_10
11256010401,8010769306,4,7000164196,F11,batch_11
11311050401,8010760968,4,7000164196,F12,batch_10
11158070401,8019474711,4,7000164196,G01,batch_11
11034040401,8019473730,4,7000164196,G02,batch_1
11033010401,8019473638,4,7000164196,G03,batch_16
11206070401,8038297522,4,7000164196,G04,batch_7
11275040401,8010768666,4,7000164196,G05,batch_11
11278040401,8010759848,4,7000164196,G06,batch_7
11047050401,8019471740,4,7000164196,G07,batch_7
11269060401,8010769507,4,7000164196,G08,batch_8
11255040401,8010769359,4,7000164196,G09,batch_8
11259050401,8010769579,4,7000164196,G10,batch_10
11256020401,8010769491,4,7000164196,G11,batch_11
11312010401,8010751566,4,7000164196,G12,batch_4
11205010401,8038297722,4,7000164196,H01,batch_12
11034050401,8019475120,4,7000164196,H02,batch_1
11033020401,8010758916,4,7000164196,H03,batch_16
11244010401,8038293720,4,7000164196,H04,batch_10
11275050401,8010769325,4,7000164196,H05,batch_11
11278050401,8010759111,4,7000164196,H06,batch_7
11047060401,8019472040,4,7000164196,H07,batch_7
11310010401,8010759903,4,7000164196,H08,batch_9
11255050401,8010769114,4,7000164196,H09,batch_8
11259060401,8010769010,4,7000164196,H10,batch_10
11256030401,8010769298,4,7000164196,H11,batch_11
11312040401,8010751680,4,7000164196,H12,batch_4
11312050401,8010769077,4,7000164199,A01,batch_4
11386040401,8040159976,4,7000164199,A02,batch_8
11446070401,8040157742,4,7000164199,A03,batch_3
11338060401,8010751933,4,7000164199,A04,batch_4
11449010401,8040157880,4,7000164199,A05,batch_10
11021050401,8019472087,4,7000164199,A06,batch_3
11180020401,8038297553,4,7000164199,A07,batch_15
11153030401,8019474244,4,7000164199,A08,batch_13
11154040401,8010745949,4,7000164199,A09,batch_7
11155060401,8038299569,4,7000164199,A10,batch_6
11272010401,8010769202,4,7000164199,A11,batch_16
11304040401,8010759654,4,7000164199,A12,batch_5
11312070401,8010751371,4,7000164199,B01,batch_4
11386050401,8040160966,4,7000164199,B02,batch_8
11144010401,8010765976,4,7000164199,B03,batch_13
11338070401,8010751664,4,7000164199,B04,batch_4
11449020401,8040163741,4,7000164199,B05,batch_10
11022010401,8019471200,4,7000164199,B06,batch_7
11180030401,8038297264,4,7000164199,B07,batch_15
11153040401,8019474219,4,7000164199,B08,batch_13
11154050401,8019474091,4,7000164199,B09,batch_7
11262010401,8010769232,4,7000164199,B10,batch_15
11272020401,8010768667,4,7000164199,B11,batch_16
11304050401,8010759275,4,7000164199,B12,batch_5
11063010401,8010746416,4,7000164199,C01,batch_16
11386070401,8040160762,4,7000164199,C02,batch_8
11355010401,8010751944,4,7000164199,C03,batch_13
11410010401,8040162705,4,7000164199,C04,batch_16
11449030401,8040163998,4,7000164199,C05,batch_10
11022020401,8010759032,4,7000164199,C06,batch_7
11180040401,8038296970,4,7000164199,C07,batch_15
11153050401,8019474272,4,7000164199,C08,batch_13
11154070401,8019474209,4,7000164199,C09,batch_7
11262020401,8010769580,4,7000164199,C10,batch_15
11272030401,8010768774,4,7000164199,C11,batch_16
11304060401,8010759184,4,7000164199,C12,batch_5
11063040401,8010746887,4,7000164199,D01,batch_16
11446010401,8040163398,4,7000164199,D02,batch_3
11355040401,8010751574,4,7000164199,D03,batch_13
11410020401,8040162760,4,7000164199,D04,batch_16
11449040401,8040163435,4,7000164199,D05,batch_10
11022030401,8019473810,4,7000164199,D06,batch_7
11180050401,8038297230,4,7000164199,D07,batch_15
11153060401,8019474884,4,7000164199,D08,batch_13
11155010401,8010745903,4,7000164199,D09,batch_6
11262030401,8010769451,4,7000164199,D10,batch_15
11272040401,8010769143,4,7000164199,D11,batch_16
11304070401,8010749012,4,7000164199,D12,batch_5
11063050401,8010746216,4,7000164199,E01,batch_16
11446020401,8040163616,4,7000164199,E02,batch_3
11355050401,8010759457,4,7000164199,E03,batch_13
11410030401,8040162420,4,7000164199,E04,batch_16
11449050401,8040163732,4,7000164199,E05,batch_10
11022040401,8019473725,4,7000164199,E06,batch_7
11180060401,8038296990,4,7000164199,E07,batch_15
11153070401,8019474808,4,7000164199,E08,batch_13
11155020401,8038299444,4,7000164199,E09,batch_6
11262040401,8010769221,4,7000164199,E10,batch_15
11272050401,8010769166,4,7000164199,E11,batch_16
11203010401,8038297717,4,7000164199,E12,batch_6
11063060401,8010746342,4,7000164199,F01,batch_16
11446030401,8040163936,4,7000164199,F02,batch_3
11338010401,8010752064,4,7000164199,F03,batch_4
11410040401,8040163011,4,7000164199,F04,batch_16
11021010401,8019471673,4,7000164199,F05,batch_3
11022050401,8019473558,4,7000164199,F06,batch_7
11180070401,8038297265,4,7000164199,F07,batch_15
11154010401,8019474321,4,7000164199,F08,batch_7
11155030401,8038299453,4,7000164199,F09,batch_6
11262050401,8010768922,4,7000164199,F10,batch_15
11272060401,8010769434,4,7000164199,F11,batch_16
11203040401,8038297697,4,7000164199,F12,batch_6
11063070401,8010746378,4,7000164199,G01,batch_16
11446040401,8040157737,4,7000164199,G02,batch_3
11338040401,8010761431,4,7000164199,G03,batch_4
11410050401,8040162575,4,7000164199,G04,batch_16
11021030401,8019471967,4,7000164199,G05,batch_3
11022060401,8019473937,4,7000164199,G06,batch_7
11153010401,8019474904,4,7000164199,G07,batch_13
11154020401,8019474861,4,7000164199,G08,batch_7
11155040401,8038299216,4,7000164199,G09,batch_6
11262060401,8010769432,4,7000164199,G10,batch_15
11272070401,8010769183,4,7000164199,G11,batch_16
11203050401,8038297729,4,7000164199,G12,batch_6
11386010401,8040160335,4,7000164199,H01,batch_8
11446050401,8040163664,4,7000164199,H02,batch_3
11338050401,8010751648,4,7000164199,H03,batch_4
11410070401,8040162863,4,7000164199,H04,batch_16
11021040401,8019471579,4,7000164199,H05,batch_3
11180010401,8038297170,4,7000164199,H06,batch_15
11153020401,8019474400,4,7000164199,H07,batch_13
11154030401,8019474312,4,7000164199,H08,batch_7
11155050401,8038299304,4,7000164199,H09,batch_6
11262070401,8010769482,4,7000164199,H10,batch_15
11304010401,8010761133,4,7000164199,H11,batch_5
11203060401,8038297087,4,7000164199,H12,batch_6
11017040401,8019475528,4,7000164201,A01,batch_5
11020050401,8019475695,4,7000164201,A02,batch_6
11166070401,8038299328,4,7000164201,A03,batch_1
11066050401,8010746882,4,7000164201,A04,batch_4
11001040401,8019475399,4,7000164201,A05,batch_3
11004070401,8019475253,4,7000164201,A06,batch_11
11052060401,8019475217,4,7000164201,A07,batch_6
11160040401,8038299393,4,7000164201,A08,batch_12
11002060401,8019475314,4,7000164201,A09,batch_4
11085040401,8010766340,4,7000164201,A10,batch_1
11209070401,8038297725,4,7000164201,A11,batch_2
11065050401,8019471816,4,7000164201,A12,batch_10
11017050401,8019475701,4,7000164201,B01,batch_5
11020070401,8019475392,4,7000164201,B02,batch_6
11019010401,8019475853,4,7000164201,B03,batch_12
11053010401,8019475396,4,7000164201,B04,batch_2
11001050401,8019475448,4,7000164201,B05,batch_3
11054010401,8019475293,4,7000164201,B06,batch_5
11052070401,8019474996,4,7000164201,B07,batch_6
11160050401,8038299518,4,7000164201,B08,batch_12
11002070401,8019475762,4,7000164201,B09,batch_4
11085050401,8010758297,4,7000164201,B10,batch_1
11084010401,8010766696,4,7000164201,B11,batch_16
11065070401,8010746259,4,7000164201,B12,batch_10
11017060401,8019475141,4,7000164201,C01,batch_5
11166010401,8038299519,4,7000164201,C02,batch_1
11019020401,8019475065,4,7000164201,C03,batch_12
11053040401,8019475318,4,7000164201,C04,batch_2
11001060401,8019475838,4,7000164201,C05,batch_3
11054040401,8019475640,4,7000164201,C06,batch_5
11051010401,8019475570,4,7000164201,C07,batch_3
11005010401,8019475418,4,7000164201,C08,batch_14
11003010401,8019475635,4,7000164201,C09,batch_11
11085060401,8010746027,4,7000164201,C10,batch_1
11084040401,8010745564,4,7000164201,C11,batch_16
11056010401,8010758357,4,7000164201,C12,batch_9
11017070401,8019475407,4,7000164201,D01,batch_5
11166020401,8038299488,4,7000164201,D02,batch_1
11019030401,8019474984,4,7000164201,D03,batch_12
11053050401,8019475345,4,7000164201,D04,batch_2
11004010401,8019475324,4,7000164201,D05,batch_11
11054050401,8019475917,4,7000164201,D06,batch_5
11051040401,8019475247,4,7000164201,D07,batch_3
11002010401,8019475249,4,7000164201,D08,batch_4
11003020401,8019475451,4,7000164201,D09,batch_11
11085070401,8010766434,4,7000164201,D10,batch_1
11084050401,8010766204,4,7000164201,D11,batch_16
11056040401,8010758925,4,7000164201,D12,batch_9
11020010401,8019475111,4,7000164201,E01,batch_6
11166030401,8038299005,4,7000164201,E02,batch_1
11019040401,8019475039,4,7000164201,E03,batch_12
11053060401,8019475191,4,7000164201,E04,batch_2
11004020401,8019475679,4,7000164201,E05,batch_11
11054070401,8019475085,4,7000164201,E06,batch_5
11051050401,8019475251,4,7000164201,E07,batch_3
11002020401,8019475791,4,7000164201,E08,batch_4
11003030401,8019475397,4,7000164201,E09,batch_11
11209010401,8038297110,4,7000164201,E10,batch_2
11084060401,8010766514,4,7000164201,E11,batch_16
11056050401,8010758302,4,7000164201,E12,batch_9
11020020401,8019475053,4,7000164201,F01,batch_6
11166040401,8038299255,4,7000164201,F02,batch_1
11019050401,8019475892,4,7000164201,F03,batch_12
11001010401,8019475244,4,7000164201,F04,batch_3
11004030401,8019475529,4,7000164201,F05,batch_11
11052010401,8019475563,4,7000164201,F06,batch_6
11160010401,8038299249,4,7000164201,F07,batch_12
11002030401,8019475703,4,7000164201,F08,batch_4
11003040401,8019475814,4,7000164201,F09,batch_11
11209040401,8038297389,4,7000164201,F10,batch_2
11084070401,8010766122,4,7000164201,F11,batch_16
11056060401,8010758688,4,7000164201,F12,batch_9
11020030401,8019475077,4,7000164201,G01,batch_6
11166050401,8038299013,4,7000164201,G02,batch_1
11066010401,8010746328,4,7000164201,G03,batch_4
11001020401,8019475497,4,7000164201,G04,batch_3
11004040401,8019475405,4,7000164201,G05,batch_11
11052040401,8019475391,4,7000164201,G06,batch_6
11160020401,8019474769,4,7000164201,G07,batch_12
11002040401,8019475121,4,7000164201,G08,batch_4
11003050401,8019475222,4,7000164201,G09,batch_11
11209050401,8038297499,4,7000164201,G10,batch_2
11065010401,8010746910,4,7000164201,G11,batch_10
11056070401,8010746237,4,7000164201,G12,batch_9
11020040401,8019475067,4,7000164201,H01,batch_6
11166060401,8038299467,4,7000164201,H02,batch_1
11066040401,8010746932,4,7000164201,H03,batch_4
11001030401,8019475642,4,7000164201,H04,batch_3
11004050401,8019475316,4,7000164201,H05,batch_11
11052050401,8019475029,4,7000164201,H06,batch_6
11160030401,8038299478,4,7000164201,H07,batch_12
11002050401,8019475003,4,7000164201,H08,batch_4
11085010401,8010766201,4,7000164201,H09,batch_1
11209060401,8038297542,4,7000164201,H10,batch_2
11065040401,8010746888,4,7000164201,H11,batch_10
11057010401,8010746906,4,7000164201,H12,batch_9
11293020401,8010759811,4,7000194353,A01,batch_14
11290060401,8010759533,4,7000194353,A02,batch_1
11090040401,8019472042,4,7000194353,A03,batch_13
11088070401,8010766510,4,7000194353,A04,batch_14
11287020401,8010759074,4,7000194353,A05,batch_6
11292050401,8010759408,4,7000194353,A06,batch_5
11407040401,8040163065,4,7000194353,A07,batch_1
11409010401,8040163071,4,7000194353,A08,batch_16
11023020401,8019473854,4,7000194353,A09,batch_6
11071060401,8019472051,4,7000194353,A10,batch_12
11412030401,8040160958,4,7000194353,A11,batch_11
11334050401,8010751218,4,7000194353,A12,batch_15
11293030401,8010759612,4,7000194353,B01,batch_14
39651010401,8018512226,4,7000194353,B02,batch_4
11090050401,8019471315,4,7000194353,B03,batch_13
11175010401,8038299134,4,7000194353,B04,batch_7
11287030401,8010759861,4,7000194353,B05,batch_6
11292070401,8010759578,4,7000194353,B06,batch_5
11407050401,8040163247,4,7000194353,B07,batch_1
11409020401,8040162608,4,7000194353,B08,batch_16
11023030401,8019471636,4,7000194353,B09,batch_6
11071070401,8019472085,4,7000194353,B10,batch_12
11412040401,8040160860,4,7000194353,B11,batch_11
11334060401,8010751392,4,7000194353,B12,batch_15
11293050401,8010759886,4,7000194353,C01,batch_14
39651020401,8018512836,4,7000194353,C02,batch_4
11090060401,8010766555,4,7000194353,C03,batch_13
11175020401,8038299364,4,7000194353,C04,batch_7
11287040401,8010759231,4,7000194353,C05,batch_6
11319010401,8010752100,4,7000194353,C06,batch_12
11407060401,8040162969,4,7000194353,C07,batch_1
11409030401,8040162601,4,7000194353,C08,batch_16
11023040401,8019472002,4,7000194353,C09,batch_6
11072010401,8010746535,4,7000194353,C10,batch_2
11412050401,8040161162,4,7000194353,C11,batch_11
11334070401,8010751274,4,7000194353,C12,batch_15
11290010401,8010759579,4,7000194353,D01,batch_1
39651030401,8018512856,4,7000194353,D02,batch_4
11090070401,8010745583,4,7000194353,D03,batch_13
11175030401,8038299092,4,7000194353,D04,batch_7
11287050401,8010759922,4,7000194353,D05,batch_6
11319040401,8010751782,4,7000194353,D06,batch_12
11407070401,8040162600,4,7000194353,D07,batch_1
11409040401,8040162425,4,7000194353,D08,batch_16
11023050401,8019473465,4,7000194353,D09,batch_6
11072040401,8010746827,4,7000194353,D10,batch_2
11412060401,8040160500,4,7000194353,D11,batch_11
11320010401,8010751389,4,7000194353,D12,batch_1
11290020401,8010759941,4,7000194353,E01,batch_1
39651040401,8010741961,4,7000194353,E02,batch_4
11088010401,8010766523,4,7000194353,E03,batch_14
11175040401,8038299399,4,7000194353,E04,batch_7
11292010401,8010759167,4,7000194353,E05,batch_5
11319050401,8010751426,4,7000194353,E06,batch_12
11408010401,8040162980,4,7000194353,E07,batch_13
11409050401,8040162464,4,7000194353,E08,batch_16
11023070401,8019471469,4,7000194353,E09,batch_6
11072050401,8019471229,4,7000194353,E10,batch_2
11412070401,8040161176,4,7000194353,E11,batch_11
11320040401,8010751616,4,7000194353,E12,batch_1
11290030401,8010759420,4,7000194353,F01,batch_1
39651050401,8018512293,4,7000194353,F02,batch_4
11088040401,8010765913,4,7000194353,F03,batch_14
11175050401,8038299122,4,7000194353,F04,batch_7
11292020401,8010759047,4,7000194353,F05,batch_5
11407010401,8040163159,4,7000194353,F06,batch_1
11408040401,8040162737,4,7000194353,F07,batch_13
11409060401,8040162588,4,7000194353,F08,batch_16
11071010401,8019471487,4,7000194353,F09,batch_12
11072070401,8010758367,4,7000194353,F10,batch_2
11337010401,8010751966,4,7000194353,F11,batch_15
11320050401,8010751418,4,7000194353,F12,batch_1
11290040401,8010759399,4,7000194353,G01,batch_1
39651070401,8018512388,4,7000194353,G02,batch_4
11088050401,8010745381,4,7000194353,G03,batch_14
11175060401,8038299694,4,7000194353,G04,batch_7
11292030401,8010759045,4,7000194353,G05,batch_5
11407020401,8040163064,4,7000194353,G06,batch_1
11408050401,8040162874,4,7000194353,G07,batch_13
11409070401,8040162992,4,7000194353,G08,batch_16
11071040401,8010746851,4,7000194353,G09,batch_12
11412010401,8040160579,4,7000194353,G10,batch_11
11334010401,8010751999,4,7000194353,G11,batch_15
11320060401,8010751559,4,7000194353,G12,batch_1
11290050401,8010759236,4,7000194353,H01,batch_1
11090010401,8019471634,4,7000194353,H02,batch_13
11088060401,8010766330,4,7000194353,H03,batch_14
11287010401,8010759301,4,7000194353,H04,batch_6
11292040401,8010759362,4,7000194353,H05,batch_5
11407030401,8040162442,4,7000194353,H06,batch_1
11408070401,8040163030,4,7000194353,H07,batch_13
11023010401,8019471953,4,7000194353,H08,batch_6
11071050401,8019473267,4,7000194353,H09,batch_12
11412020401,8040160846,4,7000194353,H10,batch_11
11334040401,8010751943,4,7000194353,H11,batch_15
11320070401,8010752086,4,7000194353,H12,batch_1
11097010401,8010766682,4,7000194358,A01,batch_8
11098010401,8019474413,4,7000194358,A02,batch_3
11010050401,8019475278,4,7000194358,A03,batch_3
11050010401,8010746789,4,7000194358,A04,batch_8
11006060401,8019475012,4,7000194358,A05,batch_2
11257020401,8010769048,4,7000194358,A06,batch_13
10114070401,8018512841,4,7000194358,A07,batch_8
11246040401,8038298540,4,7000194358,A08,batch_9
11277050401,8010769026,4,7000194358,A09,batch_3
11276020401,8010769313,4,7000194358,A10,batch_7
11323070401,8010759759,4,7000194358,A11,batch_6
11336050401,8010751586,4,7000194358,A12,batch_1
11097040401,8010758890,4,7000194358,B01,batch_8
11098040401,8019474292,4,7000194358,B02,batch_3
11010060401,8019475567,4,7000194358,B03,batch_3
11050020401,8019473650,4,7000194358,B04,batch_8
11006070401,8019475539,4,7000194358,B05,batch_2
11257030401,8010769591,4,7000194358,B06,batch_13
11195010401,8038297474,4,7000194358,B07,batch_3
11246050401,8038298743,4,7000194358,B08,batch_9
11277060401,8010769245,4,7000194358,B09,batch_3
11276030401,8010768795,4,7000194358,B10,batch_7
11289010401,8010759683,4,7000194358,B11,batch_12
11336060401,8010751551,4,7000194358,B12,batch_1
11097050401,8010766525,4,7000194358,C01,batch_8
11098050401,8019474945,4,7000194358,C02,batch_3
11010070401,8019475442,4,7000194358,C03,batch_3
11050030401,8019473858,4,7000194358,C04,batch_8
11313010401,8010759378,4,7000194358,C05,batch_11
11257040401,8010769442,4,7000194358,C06,batch_13
11195020401,8038297313,4,7000194358,C07,batch_3
11246060401,8038298775,4,7000194358,C08,batch_9
11245010401,8038298097,4,7000194358,C09,batch_5
11276040401,8010768732,4,7000194358,C10,batch_7
11289020401,8010759128,4,7000194358,C11,batch_12
11336070401,8010751227,4,7000194358,C12,batch_1
11097060401,8010746250,4,7000194358,D01,batch_8
11098070401,8010749696,4,7000194358,D02,batch_3
11267010401,8010768832,4,7000194358,D03,batch_14
11050040401,8019473285,4,7000194358,D04,batch_8
11313040401,8010759093,4,7000194358,D05,batch_11
11257050401,8010768971,4,7000194358,D06,batch_13
11195030401,8038297830,4,7000194358,D07,batch_3
11246070401,8038298459,4,7000194358,D08,batch_9
11245040401,8038298604,4,7000194358,D09,batch_5
11276050401,8010769009,4,7000194358,D10,batch_7
11289030401,8010759921,4,7000194358,D11,batch_12
11216010401,8038297856,4,7000194358,D12,batch_11
11009010401,8019475068,4,7000194358,E01,batch_11
11010010401,8019475770,4,7000194358,E02,batch_3
11267020401,8010769247,4,7000194358,E03,batch_14
11050050401,8019475428,4,7000194358,E04,batch_8
11313050401,8010759970,4,7000194358,E05,batch_11
10114010401,8018513130,4,7000194358,E06,batch_8
11195040401,8038297458,4,7000194358,E07,batch_3
11277010401,8010769290,4,7000194358,E08,batch_3
11245050401,8038298351,4,7000194358,E09,batch_5
11276060401,8010769140,4,7000194358,E10,batch_7
11289050401,8010759932,4,7000194358,E11,batch_12
11216040401,8038297915,4,7000194358,E12,batch_11
11009020401,8019475811,4,7000194358,F01,batch_11
11010020401,8019475601,4,7000194358,F02,batch_3
11267030401,8010768761,4,7000194358,F03,batch_14
11050060401,8010758534,4,7000194358,F04,batch_8
11313060401,8010759635,4,7000194358,F05,batch_11
10114040401,8018513030,4,7000194358,F06,batch_8
11195050401,8038293827,4,7000194358,F07,batch_3
11277020401,8010769263,4,7000194358,F08,batch_3
11245060401,8038298332,4,7000194358,F09,batch_5
11323010401,8010759658,4,7000194358,F10,batch_6
11289070401,8010759296,4,7000194358,F11,batch_12
11216050401,8038298635,4,7000194358,F12,batch_11
11009040401,8019475016,4,7000194358,G01,batch_11
11010030401,8019475050,4,7000194358,G02,batch_3
11267040401,8010768744,4,7000194358,G03,batch_14
11006010401,8019475779,4,7000194358,G04,batch_2
11313070401,8010759295,4,7000194358,G05,batch_11
10114050401,8018513094,4,7000194358,G06,batch_8
11195060401,8038297162,4,7000194358,G07,batch_3
11277030401,8010768769,4,7000194358,G08,batch_3
11245070401,8038297958,4,7000194358,G09,batch_5
11323040401,8010759373,4,7000194358,G10,batch_6
11336010401,8010751529,4,7000194358,G11,batch_1
11216070401,8038298653,4,7000194358,G12,batch_11
11009050401,8019475470,4,7000194358,H01,batch_11
11010040401,8019475626,4,7000194358,H02,batch_3
11267050401,8010769368,4,7000194358,H03,batch_14
11006020401,8019475423,4,7000194358,H04,batch_2
11257010401,8010769162,4,7000194358,H05,batch_13
10114060401,8018512822,4,7000194358,H06,batch_8
11246010401,8038298185,4,7000194358,H07,batch_9
11277040401,8010768642,4,7000194358,H08,batch_3
11276010401,8010768735,4,7000194358,H09,batch_7
11323050401,8010759531,4,7000194358,H10,batch_6
11336040401,8010751486,4,7000194358,H11,batch_1
11293010401,8010759774,4,7000194358,H12,batch_14
11250040401,8038298221,4,7000194389,A01,batch_7
11049070401,8010747076,4,7000194389,A02,batch_12
11268050401,8010768687,4,7000194389,A03,batch_8
11254060401,8010769503,4,7000194389,A04,batch_6
11248050401,8038298551,4,7000194389,A05,batch_7
11043010401,8019473169,4,7000194389,A06,batch_3
11236050401,8038293644,4,7000194389,A07,batch_2
11080070401,8010766037,4,7000194389,A08,batch_1
11208040401,8038297304,4,7000194389,A09,batch_6
11157030401,8019474174,4,7000194389,A10,batch_3
11024010401,8019471778,4,7000194389,A11,batch_13
11025040401,8019473172,4,7000194389,A12,batch_14
11250050401,8038298200,4,7000194389,B01,batch_7
11096010401,8010765910,4,7000194389,B02,batch_10
11268060401,8010769358,4,7000194389,B03,batch_8
11214010401,8038296974,4,7000194389,B04,batch_7
11248060401,8038298267,4,7000194389,B05,batch_7
11043020401,8010746511,4,7000194389,B06,batch_3
11237010401,8038293492,4,7000194389,B07,batch_2
11185010401,8038297184,4,7000194389,B08,batch_10
11208050401,8038297443,4,7000194389,B09,batch_6
11157040401,8038299502,4,7000194389,B10,batch_3
11024020401,8019471601,4,7000194389,B11,batch_13
11025050401,8019473782,4,7000194389,B12,batch_14
11049010401,8019473230,4,7000194389,C01,batch_12
11096040401,8010766545,4,7000194389,C02,batch_10
11268070401,8010769388,4,7000194389,C03,batch_8
11214040401,8038297339,4,7000194389,C04,batch_7
11253010401,8010769154,4,7000194389,C05,batch_10
11043030401,8019473746,4,7000194389,C06,batch_3
11237040401,8038294934,4,7000194389,C07,batch_2
11185020401,8038297020,4,7000194389,C08,batch_10
11207010401,8038297513,4,7000194389,C09,batch_13
11157050401,8038298868,4,7000194389,C10,batch_3
11024030401,8019472054,4,7000194389,C11,batch_13
11025060401,8019473176,4,7000194389,C12,batch_14
11049020401,8019473264,4,7000194389,D01,batch_12
11096050401,8010766461,4,7000194389,D02,batch_10
11254010401,8010768887,4,7000194389,D03,batch_6
11214050401,8038296982,4,7000194389,D04,batch_7
11253020401,8010769214,4,7000194389,D05,batch_10
11043040401,8019473644,4,7000194389,D06,batch_3
11237050401,8038294004,4,7000194389,D07,batch_2
11185030401,8038296938,4,7000194389,D08,batch_10
11207040401,8038297535,4,7000194389,D09,batch_13
11157070401,8019474866,4,7000194389,D10,batch_3
11024040401,8019471968,4,7000194389,D11,batch_13
11025070401,8019473173,4,7000194389,D12,batch_14
11049030401,8019471914,4,7000194389,E01,batch_12
11096070401,8010745404,4,7000194389,E02,batch_10
11254020401,8010769187,4,7000194389,E03,batch_6
11214060401,8038297613,4,7000194389,E04,batch_7
11253030401,8010769134,4,7000194389,E05,batch_10
11043050401,8019471215,4,7000194389,E06,batch_3
11080010401,8010766210,4,7000194389,E07,batch_1
11185040401,8038297352,4,7000194389,E08,batch_10
11207050401,8038297584,4,7000194389,E09,batch_13
11235010401,8038293455,4,7000194389,E10,batch_4
11024050401,8019471605,4,7000194389,E11,batch_13
11075010401,8019472052,4,7000194389,E12,batch_1
11049040401,8010746645,4,7000194389,F01,batch_12
11268010401,8010768703,4,7000194389,F02,batch_8
11254030401,8010769084,4,7000194389,F03,batch_6
11214070401,8038297100,4,7000194389,F04,batch_7
11253040401,8010769440,4,7000194389,F05,batch_10
11043060401,8019473967,4,7000194389,F06,batch_3
11080040401,8010765800,4,7000194389,F07,batch_1
11185050401,8038297651,4,7000194389,F08,batch_10
11207060401,8038297043,4,7000194389,F09,batch_13
11235040401,8038294307,4,7000194389,F10,batch_4
11025010401,8019473382,4,7000194389,F11,batch_14
11075040401,8019471741,4,7000194389,F12,batch_1
11049050401,8010746198,4,7000194389,G01,batch_12
11268020401,8010768945,4,7000194389,G02,batch_8
11254040401,8010769420,4,7000194389,G03,batch_6
11248010401,8038298544,4,7000194389,G04,batch_7
11253050401,8010769322,4,7000194389,G05,batch_10
11236010401,8038299611,4,7000194389,G06,batch_2
11080050401,8010745600,4,7000194389,G07,batch_1
11185070401,8038297819,4,7000194389,G08,batch_10
11157010401,8038299523,4,7000194389,G09,batch_3
11235050401,8038294289,4,7000194389,G10,batch_4
11025020401,8019473576,4,7000194389,G11,batch_14
11075050401,8010746533,4,7000194389,G12,batch_1
11049060401,8019471771,4,7000194389,H01,batch_12
11268040401,8010769264,4,7000194389,H02,batch_8
11254050401,8010769147,4,7000194389,H03,batch_6
11248040401,8038298280,4,7000194389,H04,batch_7
11253060401,8010769260,4,7000194389,H05,batch_10
11236040401,8038294349,4,7000194389,H06,batch_2
11080060401,8010766162,4,7000194389,H07,batch_1
11208010401,8038297723,4,7000194389,H08,batch_6
11157020401,8038299279,4,7000194389,H09,batch_3
11235060401,8038293450,4,7000194389,H10,batch_4
11025030401,8019473094,4,7000194389,H11,batch_14
11075060401,8010758237,4,7000194389,H12,batch_1
11238070401,8038297931,4,7000269118,A01,batch_3
11174020401,8038299404,4,7000269118,A02,batch_5
11222070401,8038298484,4,7000269118,A03,batch_16
11239010401,8038299605,4,7000269118,B01,batch_2
11174030401,8038299516,4,7000269118,B02,batch_5
11092010401,8010766107,4,7000269118,B03,batch_2
11239040401,8038299023,4,7000269118,C01,batch_2
11174040401,8038299349,4,7000269118,C02,batch_5
11092040401,8010766041,4,7000269118,C03,batch_2
11239050401,8038294200,4,7000269118,D01,batch_2
11174050401,8038299159,4,7000269118,D02,batch_5
11092050401,8010766030,4,7000269118,D03,batch_2
11239060401,8038298083,4,7000269118,E01,batch_2
11174070401,8038299213,4,7000269118,E02,batch_5
11239070401,8038301224,4,7000269118,F01,batch_2
11222010401,8038298212,4,7000269118,F02,batch_16
11045010401,8010746455,4,7000269118,G01,batch_3
11222040401,8038298173,4,7000269118,G02,batch_16
11174010401,8038299405,4,7000269118,H01,batch_5
11222050401,8038298741,4,7000269118,H02,batch_16
11274040401,8010769197,4,7000269119,A01,batch_6
11420020401,8040157828,4,7000269119,A02,batch_7
11270040401,8010768726,4,7000269119,A03,batch_12
11281030401,8010759896,4,7000269119,A04,batch_6
11280040401,8010759655,4,7000269119,A05,batch_10
11279060401,8010759883,4,7000269119,A06,batch_5
11282070401,8010759652,4,7000269119,A07,batch_8
11417040401,8040161273,4,7000269119,A08,batch_10
11324010401,8010759173,4,7000269119,A09,batch_5
11431010401,8040157990,4,7000269119,A10,batch_15
11327050401,8010759787,4,7000269119,A11,batch_9
11284020401,8010759469,4,7000269119,A12,batch_8
11274050401,8010768870,4,7000269119,B01,batch_6
11420030401,8040157780,4,7000269119,B02,batch_7
11270050401,8010769561,4,7000269119,B03,batch_12
11281040401,8010759434,4,7000269119,B04,batch_6
11280050401,8010759512,4,7000269119,B05,batch_10
11279070401,8010759570,4,7000269119,B06,batch_5
11325010401,8010751364,4,7000269119,B07,batch_6
11417050401,8040160896,4,7000269119,B08,batch_10
11324040401,8010751900,4,7000269119,B09,batch_5
11431020401,8040157739,4,7000269119,B10,batch_15
11327060401,8010751380,4,7000269119,B11,batch_9
11284030401,8010759407,4,7000269119,B12,batch_8
11274070401,8010768720,4,7000269119,C01,batch_6
11420040401,8040157889,4,7000269119,C02,batch_7
11108010401,8019471298,4,7000269119,C03,batch_1
11281050401,8010759776,4,7000269119,C04,batch_6
11280060401,8010759339,4,7000269119,C05,batch_10
11282010401,8010759186,4,7000269119,C06,batch_8
11325040401,8010752003,4,7000269119,C07,batch_6
11117010401,8019471884,4,7000269119,C08,batch_12
11324050401,8010751914,4,7000269119,C09,batch_5
11431030401,8040163418,4,7000269119,C10,batch_15
11327070401,8010751362,4,7000269119,C11,batch_9
11284040401,8010759247,4,7000269119,C12,batch_8
11318010401,8010759126,4,7000269119,D01,batch_5
11420050401,8040157551,4,7000269119,D02,batch_7
11317010401,8010751446,4,7000269119,D03,batch_14
11281060401,8010759738,4,7000269119,D04,batch_6
11279010401,8010759772,4,7000269119,D05,batch_5
11282020401,8010759051,4,7000269119,D06,batch_8
11325050401,8010751250,4,7000269119,D07,batch_6
11283010401,8010759984,4,7000269119,D08,batch_11
11419010401,8040157513,4,7000269119,D09,batch_12
11431040401,8040158154,4,7000269119,D10,batch_15
11328010401,8010751224,4,7000269119,D11,batch_2
11284050401,8010759727,4,7000269119,D12,batch_8
11318040401,8010759693,4,7000269119,E01,batch_5
11420070401,8040157292,4,7000269119,E02,batch_7
11317050401,8010751608,4,7000269119,E03,batch_14
11281070401,8010759447,4,7000269119,E04,batch_6
11279020401,8010759606,4,7000269119,E05,batch_5
11282030401,8010759944,4,7000269119,E06,batch_8
11325060401,8010751400,4,7000269119,E07,batch_6
11283020401,8010759067,4,7000269119,E08,batch_11
11419020401,8040157698,4,7000269119,E09,batch_12
11431050401,8040163393,4,7000269119,E10,batch_15
11328040401,8010751328,4,7000269119,E11,batch_2
11284070401,8010759427,4,7000269119,E12,batch_8
11318050401,8010759267,4,7000269119,F01,batch_5
11270010401,8010769567,4,7000269119,F02,batch_12
11317070401,8010751783,4,7000269119,F03,batch_14
11280010401,8010759965,4,7000269119,F04,batch_10
11279030401,8010759156,4,7000269119,F05,batch_5
11282040401,8010759622,4,7000269119,F06,batch_8
11417010401,8040160796,4,7000269119,F07,batch_10
11283030401,8010759345,4,7000269119,F08,batch_11
11419030401,8040157530,4,7000269119,F09,batch_12
11431060401,8040163631,4,7000269119,F10,batch_15
11328050401,8010751762,4,7000269119,F11,batch_2
11415010401,8040157738,4,7000269119,F12,batch_9
11318060401,8010759899,4,7000269119,G01,batch_5
11270020401,8010769558,4,7000269119,G02,batch_12
11281010401,8010759087,4,7000269119,G03,batch_6
11280020401,8010759626,4,7000269119,G04,batch_10
11279040401,8010759565,4,7000269119,G05,batch_5
11282050401,8010759241,4,7000269119,G06,batch_8
11417020401,8040160724,4,7000269119,G07,batch_10
11283040401,8010759466,4,7000269119,G08,batch_11
11419040401,8040157764,4,7000269119,G09,batch_12
11327010401,8010751288,4,7000269119,G10,batch_9
11328060401,8010751934,4,7000269119,G11,batch_2
11415020401,8040157536,4,7000269119,G12,batch_9
11420010401,8040157510,4,7000269119,H01,batch_7
11270030401,8010768710,4,7000269119,H02,batch_12
11281020401,8010759380,4,7000269119,H03,batch_6
11280030401,8010759151,4,7000269119,H04,batch_10
11279050401,8010759746,4,7000269119,H05,batch_5
11282060401,8010759442,4,7000269119,H06,batch_8
11417030401,8040160463,4,7000269119,H07,batch_10
11283050401,8010759377,4,7000269119,H08,batch_11
11419050401,8040157602,4,7000269119,H09,batch_12
11327040401,8010751427,4,7000269119,H10,batch_9
11284010401,8010759920,4,7000269119,H11,batch_8
11415030401,8040157835,4,7000269119,H12,batch_9
11415040401,8040157291,4,7000269120,A01,batch_9
11432020401,8040163993,4,7000269120,A02,batch_4
11330060401,8010752109,4,7000269120,A03,batch_8
11333010401,8010751461,4,7000269120,A04,batch_3
11434070401,8040157897,4,7000269120,A05,batch_10
11332050401,8010761352,4,7000269120,A06,batch_4
11418040401,8040160707,4,7000269120,A07,batch_14
11364060401,8040160215,4,7000269120,A08,batch_11
11435040401,8040157817,4,7000269120,A09,batch_2
11249060401,8038298524,4,7000269120,A10,batch_12
11176020401,8038299353,4,7000269120,A11,batch_1
11181030401,8038297827,4,7000269120,A12,batch_14
11415050401,8040157829,4,7000269120,B01,batch_9
11432030401,8040163369,4,7000269120,B02,batch_4
11330070401,8010751333,4,7000269120,B03,batch_8
11333040401,8010751372,4,7000269120,B04,batch_3
11116010401,8010746792,4,7000269120,B05,batch_13
11329010401,8010751726,4,7000269120,B06,batch_9
11418050401,8040161113,4,7000269120,B07,batch_14
11366010401,8040160039,4,7000269120,B08,batch_14
11435050401,8040157762,4,7000269120,B09,batch_2
11249070401,8038298752,4,7000269120,B10,batch_12
11176030401,8038299228,4,7000269120,B11,batch_1
11181040401,8038296958,4,7000269120,B12,batch_14
11415070401,8040157749,4,7000269120,C01,batch_9
11432040401,8040157705,4,7000269120,C02,batch_4
11433010401,8040163473,4,7000269120,C03,batch_5
11333050401,8010751528,4,7000269120,C04,batch_3
11137010401,8010766075,4,7000269120,C05,batch_9
11329040401,8010751907,4,7000269120,C06,batch_9
11418070401,8040161111,4,7000269120,C07,batch_14
11366040401,8040159958,4,7000269120,C08,batch_14
11435060401,8040157856,4,7000269120,C09,batch_2
11040010401,8019471349,4,7000269120,C10,batch_15
11176040401,8038299337,4,7000269120,C11,batch_1
11181050401,8038297496,4,7000269120,C12,batch_14
11430010401,8040157695,4,7000269120,D01,batch_15
11432050401,8040163544,4,7000269120,D02,batch_4
11433020401,8040163922,4,7000269120,D03,batch_5
11333070401,8010751317,4,7000269120,D04,batch_3
11331010401,8010751573,4,7000269120,D05,batch_4
11329050401,8010751239,4,7000269120,D06,batch_9
11115010401,8019471357,4,7000269120,D07,batch_4
11366050401,8040159648,4,7000269120,D08,batch_14
11101010401,8010759040,4,7000269120,D09,batch_12
11040020401,8010747018,4,7000269120,D10,batch_15
11176050401,8038299465,4,7000269120,D11,batch_1
11182010401,8038297849,4,7000269120,D12,batch_8
11430020401,8040157919,4,7000269120,E01,batch_15
11432070401,8040163703,4,7000269120,E02,batch_4
11433030401,8040157672,4,7000269120,E03,batch_5
11434010401,8040158189,4,7000269120,E04,batch_10
11331040401,8010751482,4,7000269120,E05,batch_4
11329070401,8010751184,4,7000269120,E06,batch_9
11138010401,8010766566,4,7000269120,E07,batch_10
11366060401,8040160117,4,7000269120,E08,batch_14
11102010401,8019472003,4,7000269120,E09,batch_9
11040030401,8019473243,4,7000269120,E10,batch_15
11176060401,8038299384,4,7000269120,E11,batch_1
11182020401,8038297699,4,7000269120,E12,batch_8
11430040401,8040157432,4,7000269120,F01,batch_15
11330010401,8010751642,4,7000269120,F02,batch_8
11433040401,8040158061,4,7000269120,F03,batch_5
11434020401,8040157373,4,7000269120,F04,batch_10
11331050401,8010751552,4,7000269120,F05,batch_4
11418010401,8040160753,4,7000269120,F06,batch_14
11364010401,8040160378,4,7000269120,F07,batch_11
11435010401,8040157760,4,7000269120,F08,batch_2
11249010401,8038297885,4,7000269120,F09,batch_12
11040040401,8019472063,4,7000269120,F10,batch_15
11176070401,8038299539,4,7000269120,F11,batch_1
11182030401,8038297151,4,7000269120,F12,batch_8
11430050401,8040157374,4,7000269120,G01,batch_15
11330040401,8010751512,4,7000269120,G02,batch_8
11433050401,8040157691,4,7000269120,G03,batch_5
11434040401,8040157328,4,7000269120,G04,batch_10
11332010401,8010751300,4,7000269120,G05,batch_4
11418020401,8040161017,4,7000269120,G06,batch_14
11364040401,8040159669,4,7000269120,G07,batch_11
11435020401,8040158177,4,7000269120,G08,batch_2
11249040401,8038298324,4,7000269120,G09,batch_12
11040050401,8019471231,4,7000269120,G10,batch_15
11181010401,8038297742,4,7000269120,G11,batch_14
11182040401,8038297423,4,7000269120,G12,batch_8
11432010401,8040163570,4,7000269120,H01,batch_4
11330050401,8010748265,4,7000269120,H02,batch_8
11433060401,8040157703,4,7000269120,H03,batch_5
11434050401,8040157368,4,7000269120,H04,batch_10
11332040401,8010751789,4,7000269120,H05,batch_4
11418030401,8040160773,4,7000269120,H06,batch_14
11364050401,8040160211,4,7000269120,H07,batch_11
11435030401,8040158171,4,7000269120,H08,batch_2
11249050401,8038298463,4,7000269120,H09,batch_12
11176010401,8038298967,4,7000269120,H10,batch_1
11181020401,8038297261,4,7000269120,H11,batch_14
11182050401,8038297142,4,7000269120,H12,batch_8
11182070401,8038297842,4,7000269121,A01,batch_8
11403040401,8040162669,4,7000269121,A02,batch_12
11404060401,8040163302,4,7000269121,A03,batch_6
11357060401,8010747668,4,7000269121,A04,batch_7
11444020401,8040162605,4,7000269121,A05,batch_8
11029050401,8019471397,4,7000269121,A06,batch_1
11030060401,8019473561,4,7000269121,A07,batch_16
11223010401,8038297969,4,7000269121,A08,batch_9
11240060401,8038297984,4,7000269121,A09,batch_10
11173020401,8038298859,4,7000269121,A10,batch_2
11041040401,8010746654,4,7000269121,A11,batch_2
11042070401,8010758583,4,7000269121,A12,batch_4
11303010401,8010759297,4,7000269121,B01,batch_10
11403050401,8040162383,4,7000269121,B02,batch_12
11404070401,8040162499,4,7000269121,B03,batch_6
11442010401,8040163853,4,7000269121,B04,batch_2
11444040401,8040158783,4,7000269121,B05,batch_8
11029060401,8019471687,4,7000269121,B06,batch_1
11030070401,8019473071,4,7000269121,B07,batch_16
11223040401,8038297914,4,7000269121,B08,batch_9
11240070401,8038299089,4,7000269121,B09,batch_10
11173030401,8038299018,4,7000269121,B10,batch_2
11041050401,8010746612,4,7000269121,B11,batch_2
11044010401,8010758320,4,7000269121,B12,batch_3
11303040401,8010759249,4,7000269121,C01,batch_10
11403070401,8040162675,4,7000269121,C02,batch_12
11335010401,8010751370,4,7000269121,C03,batch_14
11442020401,8040163452,4,7000269121,C04,batch_2
11444050401,8040164070,4,7000269121,C05,batch_8
11029070401,8010746664,4,7000269121,C06,batch_1
11186010401,8038297837,4,7000269121,C07,batch_9
11223050401,8038298462,4,7000269121,C08,batch_9
11172010401,8038299128,4,7000269121,C09,batch_11
11173040401,8038299115,4,7000269121,C10,batch_2
11041060401,8019473765,4,7000269121,C11,batch_2
11044020401,8010758501,4,7000269121,C12,batch_3
11303050401,8010759681,4,7000269121,D01,batch_10
11404010401,8040162389,4,7000269121,D02,batch_6
11335040401,8010759651,4,7000269121,D03,batch_14
11442030401,8040164237,4,7000269121,D04,batch_2
11444060401,8040163970,4,7000269121,D05,batch_8
11030010401,8019473862,4,7000269121,D06,batch_16
11186020401,8038297734,4,7000269121,D07,batch_9
11223060401,8038298620,4,7000269121,D08,batch_9
11172020401,8038299230,4,7000269121,D09,batch_11
11173050401,8038299297,4,7000269121,D10,batch_2
11041070401,8019473340,4,7000269121,D11,batch_2
11044030401,8019473260,4,7000269121,D12,batch_3
11303070401,8010761256,4,7000269121,E01,batch_10
11404020401,8040162415,4,7000269121,E02,batch_6
11335050401,8010751198,4,7000269121,E03,batch_14
11442040401,8040158692,4,7000269121,E04,batch_2
11029010401,8019473225,4,7000269121,E05,batch_1
11030020401,8019475409,4,7000269121,E06,batch_16
11186030401,8038297668,4,7000269121,E07,batch_9
11223070401,8038298171,4,7000269121,E08,batch_9
11172030401,8038298874,4,7000269121,E09,batch_11
11173070401,8038299510,4,7000269121,E10,batch_2
11042010401,8010758386,4,7000269121,E11,batch_4
11044040401,8010746602,4,7000269121,E12,batch_3
11403010401,8040162379,4,7000269121,F01,batch_12
11404030401,8040163107,4,7000269121,F02,batch_6
11357010401,8010768668,4,7000269121,F03,batch_7
11442050401,8040164049,4,7000269121,F04,batch_2
11029020401,8019471573,4,7000269121,F05,batch_1
11030030401,8019475204,4,7000269121,F06,batch_16
11186040401,8038297058,4,7000269121,F07,batch_9
11240010401,8038294898,4,7000269121,F08,batch_10
11172040401,8038299567,4,7000269121,F09,batch_11
11041010401,8010758116,4,7000269121,F10,batch_2
11042020401,8019471477,4,7000269121,F11,batch_4
11044050401,8010758571,4,7000269121,F12,batch_3
11403020401,8040162536,4,7000269121,G01,batch_12
11404040401,8040162617,4,7000269121,G02,batch_6
11357040401,8010752096,4,7000269121,G03,batch_7
11442060401,8040163802,4,7000269121,G04,batch_2
11029030401,8019471637,4,7000269121,G05,batch_1
11030040401,8019473732,4,7000269121,G06,batch_16
11186050401,8038297041,4,7000269121,G07,batch_9
11240040401,8038299103,4,7000269121,G08,batch_10
11172050401,8038299343,4,7000269121,G09,batch_11
11041020401,8010758764,4,7000269121,G10,batch_2
11042030401,8019473295,4,7000269121,G11,batch_4
11238050401,8038298113,4,7000269121,G12,batch_3
11403030401,8040163313,4,7000269121,H01,batch_12
11404050401,8040163100,4,7000269121,H02,batch_6
11357050401,8010751917,4,7000269121,H03,batch_7
11444010401,8040164362,4,7000269121,H04,batch_8
11029040401,8019471546,4,7000269121,H05,batch_1
11030050401,8019473255,4,7000269121,H06,batch_16
11186070401,8038297122,4,7000269121,H07,batch_9
11240050401,8038298030,4,7000269121,H08,batch_10
11173010401,8038299724,4,7000269121,H09,batch_2
11041030401,8019471209,4,7000269121,H10,batch_2
11042050401,8010758493,4,7000269121,H11,batch_4
11238060401,8038293940,4,7000269121,H12,batch_3
60001010401,8038298357,4,7000269126,A01,batch_11
60002030401,8038298669,4,7000269126,A02,batch_14
60003050401,8038298259,4,7000269126,A03,batch_12
60005010401,8038298007,4,7000269126,A04,batch_15
60006030401,8038298677,4,7000269126,A05,batch_1
60007050401,8038298162,4,7000269126,A06,batch_16
60009010401,8038298558,4,7000269126,A07,batch_3
60010030401,8038298302,4,7000269126,A08,batch_5
60011050401,8038297876,4,7000269126,A09,batch_6
60013010401,8038298597,4,7000269126,A10,batch_7
60014030401,8038298301,4,7000269126,A11,batch_4
60015050401,8038298797,4,7000269126,A12,batch_13
60001020401,8038298525,4,7000269126,B01,batch_11
60002040401,8038298500,4,7000269126,B02,batch_14
60003060401,8038293489,4,7000269126,B03,batch_12
60005020401,8038298809,4,7000269126,B04,batch_15
60006040401,8038298777,4,7000269126,B05,batch_1
60007060401,8038298096,4,7000269126,B06,batch_16
60009020401,8038298602,4,7000269126,B07,batch_3
60010040401,8038298578,4,7000269126,B08,batch_5
60011060401,8038298193,4,7000269126,B09,batch_6
60013020401,8038298609,4,7000269126,B10,batch_7
60014040401,8038298576,4,7000269126,B11,batch_4
60015060401,8038298025,4,7000269126,B12,batch_13
60001030401,8038298453,4,7000269126,C01,batch_11
60002050401,8038297973,4,7000269126,C02,batch_14
60004010401,8038297903,4,7000269126,C03,batch_2
60005030401,8038298274,4,7000269126,C04,batch_15
60006050401,8038298485,4,7000269126,C05,batch_1
60008010401,8038298206,4,7000269126,C06,batch_13
60009030401,8038298282,4,7000269126,C07,batch_3
60010050401,8038298567,4,7000269126,C08,batch_5
60012010401,8038297887,4,7000269126,C09,batch_10
60013030401,8038298102,4,7000269126,C10,batch_7
60014050401,8038298721,4,7000269126,C11,batch_4
60016010401,8038298043,4,7000269126,C12,batch_12
60001040401,8038298538,4,7000269126,D01,batch_11
60002060401,8038298116,4,7000269126,D02,batch_14
60004020401,8038298044,4,7000269126,D03,batch_2
60005040401,8038298557,4,7000269126,D04,batch_15
60006060401,8038298291,4,7000269126,D05,batch_1
60008020401,8038298684,4,7000269126,D06,batch_13
60009040401,8038298315,4,7000269126,D07,batch_3
60010060401,8038298169,4,7000269126,D08,batch_5
60012020401,8038298606,4,7000269126,D09,batch_10
60013040401,8038298385,4,7000269126,D10,batch_7
60014060401,8038298130,4,7000269126,D11,batch_4
60016020401,8038297983,4,7000269126,D12,batch_12
60001050401,8038298763,4,7000269126,E01,batch_11
60003010401,8038298304,4,7000269126,E02,batch_12
60004030401,8038298695,4,7000269126,E03,batch_2
60005050401,8038298811,4,7000269126,E04,batch_15
60007010401,8038298472,4,7000269126,E05,batch_16
60008030401,8038298148,4,7000269126,E06,batch_13
60009050401,8038298013,4,7000269126,E07,batch_3
60011010401,8038297916,4,7000269126,E08,batch_6
60012030401,8038293539,4,7000269126,E09,batch_10
60013050401,8038298227,4,7000269126,E10,batch_7
60015010401,8038298425,4,7000269126,E11,batch_13
60016030401,8038298382,4,7000269126,E12,batch_12
60001060401,8038298565,4,7000269126,F01,batch_11
60003020401,8038298402,4,7000269126,F02,batch_12
60004040401,8038298145,4,7000269126,F03,batch_2
60005060401,8038298271,4,7000269126,F04,batch_15
60007020401,8038298451,4,7000269126,F05,batch_16
60008040401,8038298509,4,7000269126,F06,batch_13
60009060401,8038298293,4,7000269126,F07,batch_3
60011020401,8038298433,4,7000269126,F08,batch_6
60012040401,8038298111,4,7000269126,F09,batch_10
60013060401,8038298440,4,7000269126,F10,batch_7
60015020401,8038298416,4,7000269126,F11,batch_13
60016040401,8038298805,4,7000269126,F12,batch_12
60002010401,8038298584,4,7000269126,G01,batch_14
60003030401,8038298179,4,7000269126,G02,batch_12
60004050401,8038298256,4,7000269126,G03,batch_2
60006010401,8038298125,4,7000269126,G04,batch_1
60007030401,8038298727,4,7000269126,G05,batch_16
60008050401,8038298053,4,7000269126,G06,batch_13
60010010401,8038298325,4,7000269126,G07,batch_5
60011030401,8038298020,4,7000269126,G08,batch_6
60012050401,8038298483,4,7000269126,G09,batch_10
60014010401,8038298478,4,7000269126,G10,batch_4
60015030401,8038298180,4,7000269126,G11,batch_13
60016050401,8038298123,4,7000269126,G12,batch_12
60002020401,8038297987,4,7000269126,H01,batch_14
60003040401,8038298784,4,7000269126,H02,batch_12
60004060401,8038298184,4,7000269126,H03,batch_2
60006020401,8038298552,4,7000269126,H04,batch_1
60007040401,8038297883,4,7000269126,H05,batch_16
60008060401,8038298161,4,7000269126,H06,batch_13
60010020401,8038297853,4,7000269126,H07,batch_5
60011040401,8038298791,4,7000269126,H08,batch_6
60012060401,8038298244,4,7000269126,H09,batch_10
60014020401,8038298289,4,7000269126,H10,batch_4
60015040401,8038298443,4,7000269126,H11,batch_13
60016060401,8038298513,4,7000269126,H12,batch_12
60019010401,8038298577,4,7000269127,A01,batch_14
60020030401,8038297927,4,7000269127,A02,batch_16
60017050401,8038298041,4,7000269127,A03,batch_9
60021010401,8018511707,4,7000269127,A04,batch_15
60022030401,8010743626,4,7000269127,A05,batch_11
60023050401,8010758979,4,7000269127,A06,batch_1
60019020401,8038298157,4,7000269127,B01,batch_14
60020040401,8038298548,4,7000269127,B02,batch_16
60017060401,8038298186,4,7000269127,B03,batch_9
60021020401,8019484496,4,7000269127,B04,batch_15
60022040401,8019466732,4,7000269127,B05,batch_11
60023060401,8010741435,4,7000269127,B06,batch_1
60019030401,8038298219,4,7000269127,C01,batch_14
60020050401,8038298192,4,7000269127,C02,batch_16
60018010401,8038298601,4,7000269127,C03,batch_8
60021030401,8019484501,4,7000269127,C04,batch_15
60022050401,8010753977,4,7000269127,C05,batch_11
60019040401,8038298109,4,7000269127,D01,batch_14
60020060401,8038298470,4,7000269127,D02,batch_16
60018020401,8038298311,4,7000269127,D03,batch_8
60021040401,8018511800,4,7000269127,D04,batch_15
60022060401,8018511778,4,7000269127,D05,batch_11
60019050401,8038298178,4,7000269127,E01,batch_14
60017010401,8038298579,4,7000269127,E02,batch_9
60018030401,8038298706,4,7000269127,E03,batch_8
60021050401,8019485981,4,7000269127,E04,batch_15
60023010401,8010742708,4,7000269127,E05,batch_1
60019060401,8038298717,4,7000269127,F01,batch_14
60017020401,8038298092,4,7000269127,F02,batch_9
60018040401,8038298495,4,7000269127,F03,batch_8
60021060401,8019466996,4,7000269127,F04,batch_15
60023020401,8019475135,4,7000269127,F05,batch_1
60020010401,8038298757,4,7000269127,G01,batch_16
60017030401,8038298413,4,7000269127,G02,batch_9
60018050401,8038297908,4,7000269127,G03,batch_8
60022010401,8010744202,4,7000269127,G04,batch_11
60023030401,8019468641,4,7000269127,G05,batch_1
60020020401,8038298405,4,7000269127,H01,batch_16
60017040401,8038298553,4,7000269127,H02,batch_9
60018060401,8038298224,4,7000269127,H03,batch_8
60022020401,8019484516,4,7000269127,H04,batch_11
60023040401,8010743135,4,7000269127,H05,batch_1
